{
    "mcx" : {
        "gpuid": "1",
        "prop": [
            [0.0, 0.0, 1.0, 1.0],
            [0.012372860684990883, 8.990887641906738, 0.9, 1.4],
            [0.012372860684990883, 8.990887641906738, 0.9, 1.4],
            [0.0005407999851740897, 0.09989874809980392, 0.9, 1.4],
            [0.021290650591254234, 12.487343788146973, 0.9, 1.4],
            [0.0005407999851740897, 0.09989874809980392, 0.9, 1.4]
        ]
    },
    "srcpos": [53, 100, 50],
    "srcdir": [0.9063077870366499, 0, 0.42261826174069944],
    "detpos": [47, 100, 62.5],
    "detdir": [0.9063077870366499, 0, 0.42261826174069944]
}
